,Age_Claim_Probability,Income_Claim_Probability,Gender_Claim_Probability,Married_Claim_Probability,Education_Claim_Probability,PastAccidents_Claim_Probability,HasChildren_Claim_Probability,HasSportsCar_Claim_Probability,VehicleYear_Claim_Probability
0,0.4941011965274811,0.4941011965274811,0.4941011965274811,0.4941011965274811,0.4941011965274811,0.4941011965274811,0.4941011965274811,0.4941011965274811,0.4941011965274811
1,0.6342381834983826,0.5465885996818542,0.5128788948059082,0.5300354957580566,0.4381844401359558,0.44330981373786926,0.4826601445674896,0.47084861993789673,0.4768829643726349
2,0.3848177492618561,0.3141134977340698,0.3538628816604614,0.3907207250595093,0.42220360040664673,0.5414403676986694,0.5595535635948181,0.5956532955169678,0.27702540159225464
3,0.34884345531463623,0.3308786153793335,,,0.3135852515697479,0.09892099350690842,,,
4,0.16766728460788727,0.07739092409610748,,,0.17838600277900696,0.00010727885091910139,,,
5,,,,,0.2945944368839264,,,,
